"holder","issuer","isin","position","date"
"Barrington Wilshire LLC","AIXTRON SE","DE000A0WMPJ6",1.59,"2013-03-20"
"Meditor Capital Management Limited","HUGO BOSS AG","DE000A1PHFF7",0.63,"2013-03-20"
"JHL Capital Group LLC","Silver Bay Realty Trust Corp","US82735Q1022",1.61,"2013-03-20"
"Marshall Wace LLP","LANXESS Aktiengesellschaft","DE0005470405",0.57,"2013-03-19"
"Highbridge Capital Management, LLC","KUKA Aktiengesellschaft","DE0006204407",0.51,"2013-03-19"
"Barrington Wilshire LLC","AIXTRON SE","DE000A0WMPJ6",1.65,"2013-03-19"
"Maverick Capital, Ltd.","AIXTRON SE","DE000A0WMPJ6",6.98,"2013-03-19"
"BlackRock Institutional Trust Company, National Association","Klöckner & Co SE","DE000KC01000",0.59,"2013-03-19"
"BlackRock Institutional Trust Company, National Association","Evotec AG","DE0005664809",0.8,"2013-03-18"
"Marshall Wace LLP","COMMERZBANK Aktiengesellschaft - Rechtsabteilung-","DE0008032004",1.26,"2013-03-18"
"Highbridge Capital Management, LLC","AIXTRON SE","DE000A0WMPJ6",0.81,"2013-03-18"
"Maverick Capital, Ltd.","AIXTRON SE","DE000A0WMPJ6",7.17,"2013-03-18"
"Och-Ziff Management Europe Ltd.","TUI AG","DE000TUAG000",3.58,"2013-03-18"
"Cadian Capital Management LLC","Axel Springer Aktiengesellschaft","DE0005501357",1.41,"2013-03-15"
"Highbridge Capital Management, LLC","Drillisch Aktiengesellschaft","DE0005545503",0.59,"2013-03-15"
"AQR Capital Management, LLC","STADA Arzneimittel Aktiengesellschaft","DE0007251803",1.11,"2013-03-15"
"BlackRock Institutional Trust Company, National Association","STRATEC Biomedical AG","DE0007289001",0.6,"2013-03-15"
"BlackRock Institutional Trust Company, National Association","ElringKlinger AG","DE0007856023",0.91,"2013-03-15"
"AQR Capital Management, LLC","AIXTRON SE","DE000A0WMPJ6",1.25,"2013-03-15"
"Highbridge Capital Management, LLC","AIXTRON SE","DE000A0WMPJ6",0.78,"2013-03-15"
"AQR Capital Management, LLC","Sky Deutschland AG","DE000SKYD000",0.51,"2013-03-15"
"Citadel Advisors LLC","Wacker Chemie AG","DE000WCH8881",0.62,"2013-03-15"
"AQR Capital Management, LLC","Dialog Semiconductor Plc","GB0059822006",2.12,"2013-03-15"
"Highbridge Capital Management, LLC","KUKA Aktiengesellschaft","DE0006204407",0.66,"2013-03-14"
"Marshall Wace LLP","COMMERZBANK Aktiengesellschaft - Rechtsabteilung-","DE0008032004",1.16,"2013-03-14"
"Maverick Capital, Ltd.","AIXTRON SE","DE000A0WMPJ6",7.29,"2013-03-14"
"Oxford Asset Management","AIXTRON SE","DE000A0WMPJ6",1.01,"2013-03-14"
"Highbridge Capital Management, LLC","Klöckner & Co SE","DE000KC01000",0.49,"2013-03-14"
"Oxford Asset Management","Klöckner & Co SE","DE000KC01000",0.6,"2013-03-14"
"PointState Capital LP","K+S Aktiengesellschaft","DE000KSAG888",1.25,"2013-03-14"
"Oxford Asset Management","SAF-HOLLAND GmbH","LU0307018795",1.28,"2013-03-14"
"BlackRock Advisors (UK) Limited","Evotec AG","DE0005664809",0.5,"2013-03-13"
"Highbridge Capital Management, LLC","KUKA Aktiengesellschaft","DE0006204407",0.73,"2013-03-13"
"Oxford Asset Management","IVG Immobilien AG","DE0006205701",0.73,"2013-03-13"
"Marshall Wace LLP","COMMERZBANK Aktiengesellschaft - Rechtsabteilung-","DE0008032004",0.86,"2013-03-13"
"Barrington Wilshire LLC","AIXTRON SE","DE000A0WMPJ6",1.8,"2013-03-13"
"Maverick Capital, Ltd.","AIXTRON SE","DE000A0WMPJ6",7.61,"2013-03-13"
"AQR Capital Management, LLC","Kloeckner & Co USA Beteiligungs GmbH","DE000KC01000",1.07,"2013-03-13"
"Highbridge Capital Management, LLC","TUI AG","DE000TUAG000",0.63,"2013-03-13"
"Marshall Wace LLP","LANXESS Aktiengesellschaft","DE0005470405",0.64,"2013-03-12"
"Lansdowne Partners Limited","Fraport AG Frankfurt Airport Services Worldwide","DE0005773303",0.5,"2013-03-12"
"BG Master Fund Plc","KUKA Roboter GmbH","DE0006204407",0.46,"2013-03-12"
"Highbridge Capital Management, LLC","KUKA Aktiengesellschaft","DE0006204407",0.85,"2013-03-12"
"BlackRock Institutional Trust Company, National Association","ElringKlinger AG","DE0007856023",0.81,"2013-03-12"
"Marshall Wace LLP","COMMERZBANK Aktiengesellschaft - Rechtsabteilung-","DE0008032004",0.69,"2013-03-12"
"AQR Capital Management, LLC","AIXTRON SE","DE000A0WMPJ6",1.11,"2013-03-12"
"Highbridge Capital Management, LLC","AIXTRON SE","DE000A0WMPJ6",0.61,"2013-03-12"
"Highbridge Capital Management, LLC","Klöckner & Co SE","DE000KC01000",0.68,"2013-03-12"
"Och-Ziff Management Europe Ltd.","TUI AG","DE000TUAG000",3.66,"2013-03-12"
"BlackRock Institutional Trust Company, National Association","Salzgitter Aktiengesellschaft","DE0006202005",0.69,"2013-03-11"
"Marshall Wace LLP","COMMERZBANK Aktiengesellschaft - Rechtsabteilung-","DE0008032004",0.7,"2013-03-11"
"Citadel Advisors LLC","Wacker Chemie AG","DE000WCH8881",0.58,"2013-03-11"
"Marshall Wace LLP","LANXESS Aktiengesellschaft","DE0005470405",0.51,"2013-03-08"
"D. E. Shaw & Co. (U.K.), Ltd.","Drägerwerk AG & Co. KGaA","DE0005550602",1.24,"2013-03-08"
"BlackRock Institutional Trust Company, National Association","Evotec AG","DE0005664809",0.7,"2013-03-08"
"Marshall Wace LLP","K+S Aktiengesellschaft","DE000KSAG888",0.47,"2013-03-08"
"AQR Capital Management, LLC","Dialog Semicon Plc","GB0059822006",2.03,"2013-03-08"
"Highbridge Capital Management, LLC","AIXTRON SE","DE000A0WMPJ6",0.5,"2013-03-07"
"Oxford Asset Management","AIXTRON SE","DE000A0WMPJ6",0.9,"2013-03-07"
"Highbridge Capital Management, LLC","Klöckner & Co SE","DE000KC01000",0.79,"2013-03-07"
"Marshall Wace LLP","K+S Aktiengesellschaft","DE000KSAG888",0.51,"2013-03-07"
"BlackRock Institutional Trust Company, National Association","Evotec AG","DE0005664809",0.6,"2013-03-06"
"BlackRock Institutional Trust Company, National Association","Salzgitter Aktiengesellschaft","DE0006202005",0.7,"2013-03-06"
"Oxford Asset Management","IVG Immobilien AG","DE0006205701",0.61,"2013-03-06"
"BlackRock Institutional Trust Company, National Association","ElringKlinger AG","DE0007856023",0.79,"2013-03-06"
"BlackRock Institutional Trust Company, National Association","WINCOR NIXDORF International GmbH","DE000A0CAYB2",0.47,"2013-03-06"
"BlackRock Institutional Trust Company, National Association","euromicron Aktiengesellschaft communication & control technology","DE000A1K0300",0.62,"2013-03-06"
"Viking Global Investors LP","K+S Aktiengesellschaft","DE000KSAG888",2.2,"2013-03-06"
"Highbridge Capital Management, LLC","TUI AG","DE000TUAG000",0.5,"2013-03-06"
"Crestwood Capital Management, L.P.","SolarWorld Aktiengesellschaft","DE0005108401",0.61,"2013-03-05"
"BlackRock Institutional Trust Company, National Association","STRATEC Biomedical AG","DE0007289001",0.52,"2013-03-05"
"Citadel Advisors LLC","AIXTRON SE","DE000A0WMPJ6",0.49,"2013-03-05"
"Oxford Asset Management","AIXTRON SE","DE000A0WMPJ6",0.81,"2013-03-05"
"Pennant Capital Management, LLC","AIXTRON SE","DE000A0WMPJ6",1.82,"2013-03-05"
"BlackRock Institutional Trust Company, National Association","Klöckner & Co SE","DE000KC01000",0.64,"2013-03-05"
"Highbridge Capital Management, LLC","Klöckner & Co SE","DE000KC01000",0.86,"2013-03-05"
"Oxford Asset Management","SAF-HOLLAND GmbH","LU0307018795",1.39,"2013-03-05"
"Citadel Advisors LLC","AIXTRON SE","DE000A0WMPJ6",0.5,"2013-03-04"
"Highbridge Capital Management, LLC","Klöckner & Co SE","DE000KC01000",0.95,"2013-03-04"
"Oxford Asset Management","AIXTRON SE","DE000A0WMPJ6",0.76,"2013-03-01"
"Highbridge Capital Management, LLC","Klöckner & Co SE","DE000KC01000",1.07,"2013-03-01"
"Castle Creek Arbitrage LLC","TUI AG","DE000TUAG000",1.12,"2013-03-01"
"Crestwood Capital Management, L.P.","SolarWorld Aktiengesellschaft","DE0005108401",0.79,"2013-02-28"
"UBS AG","Deutsche Beteiligungs AG","DE0005508105",0.49,"2013-02-28"
"Polygon Global Partners LLP","TAG Immobilien AG","DE0008303504",0.61,"2013-02-28"
"Oxford Asset Management","AIXTRON SE","DE000A0WMPJ6",0.68,"2013-02-28"
"Saemor Capital B.V.","AIXTRON SE","DE000A0WMPJ6",0.59,"2013-02-28"
"AQR Capital Management, LLC","Kloeckner & Co USA Beteiligungs GmbH","DE000KC01000",1.12,"2013-02-28"
"BlackRock Institutional Trust Company, National Association","Klöckner & Co SE","DE000KC01000",0.78,"2013-02-28"
"Highbridge Capital Management, LLC","Klöckner & Co SE","DE000KC01000",1.17,"2013-02-28"
"Och-Ziff Management Europe Ltd.","TUI AG","DE000TUAG000",3.51,"2013-02-28"
"Citadel Advisors LLC","Wacker Chemie AG","DE000WCH8881",0.65,"2013-02-28"
"Marshall Wace LLP","LEONI AG","DE0005408884",0.46,"2013-02-27"
"BlackRock Institutional Trust Company, National Association","Evotec AG","DE0005664809",0.5,"2013-02-27"
"Highbridge Capital Management, LLC","KUKA Aktiengesellschaft","DE0006204407",0.99,"2013-02-27"
"Myriad Opportunities Master Fund Limited","KUKA Aktiengesellschaft","DE0006204407",0.59,"2013-02-27"
"Marshall Wace LLP","COMMERZBANK Aktiengesellschaft - Rechtsabteilung-","DE0008032004",0.61,"2013-02-27"
"Citadel Advisors LLC","SolarWorld Aktiengesellschaft","DE0005108401",1.66,"2013-02-26"
"BlackRock Institutional Trust Company, National Association","Salzgitter Aktiengesellschaft","DE0006202005",0.61,"2013-02-26"
"Barrington Wilshire LLC","AIXTRON SE","DE000A0WMPJ6",1.86,"2013-02-26"
"Oxford Asset Management","AIXTRON SE","DE000A0WMPJ6",0.53,"2013-02-26"
"BlackRock Advisors (UK) Limited","Süss MicroTec AG","DE000A1K0235",0.5,"2013-02-26"
"Highbridge Capital Management, LLC","Klöckner & Co SE","DE000KC01000",1.27,"2013-02-26"
"Och-Ziff Management Europe Ltd.","TUI AG","DE000TUAG000",3.47,"2013-02-26"
"Citadel Advisors LLC","Wacker Chemie AG","DE000WCH8881",0.97,"2013-02-26"
"Oxford Asset Management","SAF-HOLLAND GmbH","LU0307018795",1.49,"2013-02-26"
"UBS AG","Deutsche Beteiligungs AG","DE0005508105",0.59,"2013-02-25"
"Barrington Wilshire LLC","TAG Immobilien AG","DE0008303504",0.41,"2013-02-25"
"AQR Capital Management, LLC","AIXTRON SE","DE000A0WMPJ6",1.02,"2013-02-25"
"Citadel Advisors LLC","AIXTRON SE","DE000A0WMPJ6",0.47,"2013-02-25"
"Highbridge Capital Management, LLC","Klöckner & Co SE","DE000KC01000",1.32,"2013-02-25"
"UBS O'Connor Limited","Kloeckner & Co USA Beteiligungs GmbH","DE000KC01000",0.25,"2013-02-25"
"Viking Global Investors LP","K+S Aktiengesellschaft","DE000KSAG888",2.18,"2013-02-25"
"Och-Ziff Management Europe Ltd.","TUI AG","DE000TUAG000",3.56,"2013-02-25"
"Citadel Advisors LLC","SolarWorld Aktiengesellschaft","DE0005108401",1.97,"2013-02-22"
"Marshall Wace LLP","LEONI AG","DE0005408884",0.5,"2013-02-22"
"BlackRock Institutional Trust Company, National Association","Salzgitter Aktiengesellschaft","DE0006202005",0.59,"2013-02-22"
"Highbridge Capital Management, LLC","KUKA Aktiengesellschaft","DE0006204407",1.01,"2013-02-22"
"Meditor Capital Management Limited","ProSiebenSat.1 Media AG","DE0007771172",0,"2013-02-22"
"Barrington Wilshire LLC","Nordex SE","DE000A0D6554",1.94,"2013-02-22"
"Citadel Advisors LLC","AIXTRON SE","DE000A0WMPJ6",0.51,"2013-02-22"
"BlackRock Institutional Trust Company, National Association","Klöckner & Co SE","DE000KC01000",0.81,"2013-02-22"
"UBS O'Connor Limited","Kloeckner & Co USA Beteiligungs GmbH","DE000KC01000",0.55,"2013-02-22"
"Citadel Advisors LLC","SolarWorld Aktiengesellschaft","DE0005108401",2.06,"2013-02-21"
"Highbridge Capital Management, LLC","Drillisch Aktiengesellschaft","DE0005545503",0.69,"2013-02-21"
"Marshall Wace LLP","COMMERZBANK Aktiengesellschaft","DE0008032004",0.54,"2013-02-21"
"BlackRock Institutional Trust Company, National Association","euromicron Aktiengesellschaft communication & control technology","DE000A1K0300",0.5,"2013-02-21"
"UBS O'Connor Limited","Kloeckner & Co USA Beteiligungs GmbH","DE000KC01000",0.75,"2013-02-21"
"Citadel Advisors LLC","Wacker Chemie AG","DE000WCH8881",1.08,"2013-02-21"
"Oxford Asset Management","SAF-HOLLAND GmbH","LU0307018795",1.51,"2013-02-21"
"Cadian Capital Management LLC","Axel Springer Aktiengesellschaft","DE0005501357",1.31,"2013-02-20"
"Highbridge Capital Management, LLC","TAG Immobilien AG","DE0008303504",1.75,"2013-02-20"
"Ennismore Fund Management Limited","Nordex SE","DE000A0D6554",0.6,"2013-02-20"
"Citadel Advisors LLC","AIXTRON SE","DE000A0WMPJ6",0.68,"2013-02-20"
"UBS O'Connor Limited","Kloeckner & Co USA Beteiligungs GmbH","DE000KC01000",1.15,"2013-02-20"
"Marshall Wace LLP","K+S Aktiengesellschaft","DE000KSAG888",0.45,"2013-02-20"
"Viking Global Investors LP","K+S Aktiengesellschaft","DE000KSAG888",2.07,"2013-02-20"
"Citadel Advisors LLC","SolarWorld Aktiengesellschaft","DE0005108401",2.28,"2013-02-19"
"Highbridge Capital Management, LLC","Heidelberger Druckmaschinen Aktiengesellschaft","DE0007314007",0.6,"2013-02-19"
"Citadel Advisors LLC","AIXTRON SE","DE000A0WMPJ6",0.84,"2013-02-19"
"UBS O'Connor Limited","Kloeckner & Co USA Beteiligungs GmbH","DE000KC01000",1.2,"2013-02-19"
"Highbridge Capital Management, LLC","K+S Aktiengesellschaft","DE000KSAG888",0.32,"2013-02-19"
"Viking Global Investors LP","K+S Aktiengesellschaft","DE000KSAG888",1.96,"2013-02-19"
"Marshall Wace LLP","Aareal Bank AG","DE0005408116",0.49,"2013-02-18"
"Barrington Wilshire LLC","Nordex SE","DE000A0D6554",1.8,"2013-02-18"
"Citadel Advisors LLC","Wacker Chemie AG","DE000WCH8881",1.29,"2013-02-18"
"Marshall Wace LLP","Aareal Bank AG","DE0005408116",0.53,"2013-02-15"
"Marshall Wace LLP","LANXESS Aktiengesellschaft","DE0005470405",0.37,"2013-02-15"
"Barrington Wilshire LLC","IVG Immobilien AG","DE0006205701",2.05,"2013-02-15"
"Marshall Wace LLP","COMMERZBANK Aktiengesellschaft","DE0008032004",0.47,"2013-02-15"
"Barrington Wilshire LLC","Nordex SE","DE000A0D6554",1.86,"2013-02-15"
"Ennismore Fund Management Limited","Nordex SE","DE000A0D6554",0.53,"2013-02-15"
"AQR Capital Management, LLC","Kloeckner & Co USA Beteiligungs GmbH","DE000KC01000",1.01,"2013-02-15"
"Oxford Asset Management","Klöckner & Co SE","DE000KC01000",0.51,"2013-02-15"
"Citadel Advisors LLC","SolarWorld Aktiengesellschaft","DE0005108401",2.38,"2013-02-14"
"Marshall Wace LLP","Aareal Bank AG","DE0005408116",0.62,"2013-02-14"
"BG Master Fund Plc","KUKA Aktiengesellschaft","DE0006204407",0.5,"2013-02-14"
"Barrington Wilshire LLC","IVG Immobilien AG","DE0006205701",2.2,"2013-02-14"
"CQS (UK) LLP","Deutsche EuroShop AG","DE0007480204",0.58,"2013-02-14"
"Marshall Wace LLP","COMMERZBANK Aktiengesellschaft","DE0008032004",0.52,"2013-02-14"
"Discovery Capital Management, LLC","Wacker Chemie AG","DE000WCH8881",1.91,"2013-02-14"
"Citadel Advisors LLC","SolarWorld Aktiengesellschaft","DE0005108401",2.48,"2013-02-13"
"Cadian Capital Management LLC","Axel Springer Aktiengesellschaft","DE0005501357",1.23,"2013-02-13"
"Highbridge Capital Management, LLC","KUKA Aktiengesellschaft","DE0006204407",0.97,"2013-02-13"
"BlackRock Institutional Trust Company, National Association","WINCOR NIXDORF International GmbH","DE000A0CAYB2",0.59,"2013-02-13"
"BlackRock Institutional Trust Company, National Association","Klöckner & Co SE","DE000KC01000",0.79,"2013-02-13"
"UBS O'Connor Limited","Kloeckner & Co USA Beteiligungs GmbH","DE000KC01000",0.9,"2013-02-13"
"AQR Capital Management, LLC","Dialog Semiconductor Plc","GB0059822006",1.99,"2013-02-13"
"Citadel Advisors LLC","AIXTRON SE","DE000A0WMPJ6",1.6,"2013-02-12"
"AQR Capital Management, LLC","STADA Arzneimittel Aktiengesellschaft","DE0007251803",1.02,"2013-02-11"
"AQR Capital Management, LLC","AIXTRON SE","DE000A0WMPJ6",0.94,"2013-02-11"
"UBS O'Connor Limited","Kloeckner & Co USA Beteiligungs GmbH","DE000KC01000",1.1,"2013-02-11"
"Marshall Wace LLP","K+S Aktiengesellschaft","DE000KSAG888",0.51,"2013-02-11"
"AQR Capital Management, LLC","Symrise AG","DE000SYM9999",0.39,"2013-02-11"
"AQR Capital Management, LLC","Dialog Semiconductor Plc","GB0059822006",2.02,"2013-02-11"
"Marshall Wace LLP","LANXESS Aktiengesellschaft","DE0005470405",0.51,"2013-02-08"
"Arrowgrass Capital Partners LLP","Drägerwerk AG & Co. KGaA","DE0005550636",0.9,"2013-02-08"
"Sothic Capital Management LLP","Heidelberger Druckmaschinen Aktiengesellschaft","DE0007314007",2.19,"2013-02-08"
"Meditor Capital Management Limited","HUGO BOSS AG","DE000A1PHFF7",0.7,"2013-02-08"
"UBS O'Connor Limited","Kloeckner & Co USA Beteiligungs GmbH","DE000KC01000",1.07,"2013-02-08"
"AQR Capital Management, LLC","K+S Aktiengesellschaft","DE000KSAG888",0.52,"2013-02-08"
"Citadel Advisors LLC","Wacker Chemie AG","DE000WCH8881",1.39,"2013-02-08"
"Sothic Capital Management LLP","Heidelberger Druckmaschinen Aktiengesellschaft","DE0007314007",2.26,"2013-02-07"
"Citadel Advisors LLC","AIXTRON SE","DE000A0WMPJ6",1.55,"2013-02-07"
"Highbridge Capital Management, LLC","Klöckner & Co SE","DE000KC01000",1.28,"2013-02-07"
"Viking Global Investors LP","K+S Aktiengesellschaft","DE000KSAG888",1.82,"2013-02-07"
"Luxor Capital Group, LP","Axel Springer Aktiengesellschaft","DE0005501357",0.46,"2013-02-06"
"Highbridge Capital Management, LLC","KUKA Aktiengesellschaft","DE0006204407",1.03,"2013-02-06"
"Barrington Wilshire LLC","Praktiker AG","DE000A0F6MD5",0.96,"2013-02-06"
"BlackRock Institutional Trust Company, National Association","Klöckner & Co SE","DE000KC01000",0.88,"2013-02-06"
"UBS O'Connor Limited","Kloeckner & Co USA Beteiligungs GmbH","DE000KC01000",0.95,"2013-02-06"
"Marshall Wace LLP","K+S Aktiengesellschaft","DE000KSAG888",0.49,"2013-02-06"
"Viking Global Investors LP","K+S Aktiengesellschaft","DE000KSAG888",1.73,"2013-02-06"
"Morton Holdings, Inc.","Wacker Chemie AG","DE000WCH8881",0,"2013-02-06"
"ZBI EQUITIES, L.L.C.","Wacker Chemie AG","DE000WCH8881",1.01,"2013-02-06"
"Ennismore Fund Management Limited","Delticom AG","DE0005146807",0.69,"2013-02-05"
"Highbridge Capital Management, LLC","IVG Immobilien AG","DE0006205701",0.47,"2013-02-05"
"QVT Financial LP","Wirecard AG","DE0007472060",0.59,"2013-02-05"
"Viking Global Investors LP","K+S Aktiengesellschaft","DE000KSAG888",1.63,"2013-02-05"
"QVT Financial LP","Wirecard AG","DE0007472060",0.67,"2013-02-04"
"AQR Capital Management, LLC","AIXTRON SE","DE000A0WMPJ6",0.83,"2013-02-04"
"D. E. Shaw & Co. (U.K.), Ltd.","freenet AG","DE000A0Z2ZZ5",0.86,"2013-02-04"
"Adelphi Capital LLP","Celesio AG","DE000CLS1001",0.74,"2013-02-04"
"UBS O'Connor Limited","Kloeckner & Co USA Beteiligungs GmbH","DE000KC01000",0.85,"2013-02-04"
"Citadel Advisors LLC","Wacker Chemie AG","DE000WCH8881",1.47,"2013-02-04"
"Highbridge Capital Management, LLC","IVG Immobilien AG","DE0006205701",0.52,"2013-02-01"
"QVT Financial LP","Wirecard AG","DE0007472060",0.79,"2013-02-01"
"Tremblant Capital LP","Wincor Nixdorf Aktiengesellschaft","DE000A0CAYB2",0.7,"2013-02-01"
"Barrington Wilshire LLC","Praktiker AG","DE000A0F6MD5",0.81,"2013-02-01"
"Citadel Advisors LLC","AIXTRON SE","DE000A0WMPJ6",1.6,"2013-02-01"
"D. E. Shaw & Co. (U.K.), Ltd.","freenet AG","DE000A0Z2ZZ5",0.78,"2013-02-01"
"Castle Creek Arbitrage LLC","TUI AG","DE000TUAG000",1,"2013-02-01"
"Och-Ziff Management Europe Ltd.","TUI AG","DE000TUAG000",3.6,"2013-02-01"
"JPMorgan Asset Management (UK) Ltd","zooplus AG","DE0005111702",0.47,"2013-01-31"
"Highbridge Capital Management, LLC","IVG Immobilien AG","DE0006205701",0.49,"2013-01-31"
"Marble Arch Investments","Heidelberger Druckmaschinen Aktiengesellschaft","DE0007314007",3.01,"2013-01-31"
"CQS (UK) LLP","Deutsche EuroShop AG","DE0007480204",0.65,"2013-01-31"
"BlackRock Institutional Trust Company, National Association","ElringKlinger AG","DE0007856023",0.81,"2013-01-31"
"Citadel Advisors LLC","AIXTRON SE","DE000A0WMPJ6",1.56,"2013-01-31"
"AQR Capital Management, LLC","Kloeckner & Co USA Beteiligungs GmbH","DE000KC01000",0.92,"2013-01-31"
"BlackRock Institutional Trust Company, National Association","Klöckner & Co SE","DE000KC01000",0.93,"2013-01-31"
"Highbridge Capital Management, LLC","K+S Aktiengesellschaft","DE000KSAG888",0.57,"2013-01-31"
"Marshall Wace LLP","K+S Aktiengesellschaft","DE000KSAG888",0.5,"2013-01-31"
"Cadian Capital Management LLC","Axel Springer Aktiengesellschaft","DE0005501357",1.11,"2013-01-30"
"Highbridge Capital Management, LLC","IVG Immobilien AG","DE0006205701",0.53,"2013-01-30"
"BlackRock Institutional Trust Company, National Association","WINCOR NIXDORF International GmbH","DE000A0CAYB2",0.61,"2013-01-30"
"Barrington Wilshire LLC","Nordex SE","DE000A0D6554",2,"2013-01-30"
"Barrington Wilshire LLC","Praktiker AG","DE000A0F6MD5",0.61,"2013-01-30"
"D. E. Shaw & Co. (U.K.), Ltd.","freenet AG","DE000A0Z2ZZ5",0.65,"2013-01-30"
"Saemor Capital B.V.","Klöckner & Co SE","DE000KC01000",0.8,"2013-01-30"
"UBS O'Connor Limited","Klöckner & Co SE","DE000KC01000",0.7,"2013-01-30"
"Highbridge Capital Management, LLC","K+S Aktiengesellschaft","DE000KSAG888",0.6,"2013-01-29"
"Castle Creek Arbitrage LLC","TUI AG","DE000TUAG000",0.94,"2013-01-29"
"Pine River Capital Management L.P.","TUI AG","DE000TUAG000",0.86,"2013-01-29"
"Citadel Advisors LLC","Wacker Chemie AG","DE000WCH8881",1.57,"2013-01-29"
"Marshall Wace LLP","LANXESS Aktiengesellschaft","DE0005470405",0.45,"2013-01-28"
"Oxford Asset Management","IVG Immobilien AG","DE0006205701",0.51,"2013-01-28"
"Citadel Advisors LLC","SolarWorld Aktiengesellschaft","DE0005108401",2.55,"2013-01-25"
"Marble Arch Investments","SolarWorld Aktiengesellschaft","DE0005108401",1.61,"2013-01-25"
"Ennismore Fund Management Limited","Delticom AG","DE0005146807",0.7,"2013-01-25"
"Highbridge Capital Management, LLC","IVG Immobilien AG","DE0006205701",0.6,"2013-01-25"
"Barrington Wilshire LLC","Nordex SE","DE000A0D6554",1.92,"2013-01-25"
"Och-Ziff Management Europe Ltd.","TUI AG","DE000TUAG000",3.52,"2013-01-25"
"AQR Capital Management, LLC","Dialog Semiconductor Plc","GB0059822006",1.99,"2013-01-25"
"BlackRock Institutional Trust Company, National Association","Salzgitter Aktiengesellschaft","DE0006202005",0.62,"2013-01-24"
"Adelphi Capital LLP","STADA Arzneimittel Aktiengesellschaft","DE0007251803",0.72,"2013-01-24"
"Barrington Wilshire LLC","TAG Immobilien AG","DE0008303504",0.5,"2013-01-24"
"AKO Capital LLP","Wincor Nixdorf Aktiengesellschaft","DE000A0CAYB2",0.48,"2013-01-24"
"D. E. Shaw & Co. (U.K.), Ltd.","Drägerwerk AG & Co. KGaA","DE0005550602",1.11,"2013-01-23"
"Arrowgrass Capital Partners LLP","Drägerwerk AG & Co. KGaA","DE0005550636",0.85,"2013-01-23"
"Highbridge Capital Management, LLC","IVG Immobilien AG","DE0006205701",0.5,"2013-01-23"
"AKO Capital LLP","STADA Arzneimittel Aktiengesellschaft","DE0007251803",0.2,"2013-01-23"
"Citadel Advisors LLC","AIXTRON SE","DE000A0WMPJ6",1.61,"2013-01-23"
"JPMorgan Asset Management (UK) Ltd","AIXTRON SE","DE000A0WMPJ6",0.34,"2013-01-23"
"AQR Capital Management, LLC","Sky Deutschland AG","DE000SKYD000",0.4,"2013-01-23"
"Castle Creek Arbitrage LLC","TUI AG","DE000TUAG000",0.64,"2013-01-23"
"Och-Ziff Management Europe Ltd.","TUI AG","DE000TUAG000",3.45,"2013-01-23"
"Ennismore Fund Management Limited","Delticom AG","DE0005146807",0.82,"2013-01-22"
"AKO Capital LLP","STADA Arzneimittel Aktiengesellschaft","DE0007251803",0.55,"2013-01-22"
"AKO Capital LLP","Wincor Nixdorf Aktiengesellschaft","DE000A0CAYB2",0.59,"2013-01-22"
"Citadel Advisors LLC","AIXTRON SE","DE000A0WMPJ6",1.52,"2013-01-22"
"Citadel Advisors LLC","Wacker Chemie AG","DE000WCH8881",1.67,"2013-01-22"
"Highbridge Capital Management, LLC","K+S Aktiengesellschaft","DE000KSAG888",0.51,"2013-01-21"
"Egerton Capital Limited as general partner of Egerton Capital Limited Partnership","Dialog Semiconductor Plc","GB0059822006",0,"2013-01-21"
"Ferox Capital LLP","Qiagen N.V","NL0000240000",0.56,"2013-01-21"
"Cadian Capital Management LLC","Axel Springer Aktiengesellschaft","DE0005501357",1.03,"2013-01-18"
"Adelphi Capital LLP","STADA Arzneimittel Aktiengesellschaft","DE0007251803",0.83,"2013-01-18"
"Adelphi Capital LLP","STADA Arzneimittel Aktiengesellschaft","DE0007251803",0.83,"2013-01-18"
"AQR Capital Management, LLC","STADA Arzneimittel Aktiengesellschaft","DE0007251803",0.93,"2013-01-18"
"Adelphi Capital LLP","METRO AG","DE0007257503",0.17,"2013-01-18"
"PointState Capital LP","K+S Aktiengesellschaft","DE000KSAG888",1.2,"2013-01-18"
"Oxford Asset Management","SAF-HOLLAND GmbH","LU0307018795",1.4,"2013-01-18"
"Adelphi Capital LLP","STADA Arzneimittel Aktiengesellschaft","DE0007251803",0.97,"2013-01-17"
"Viking Global Investors LP","K+S Aktiengesellschaft","DE000KSAG888",1.53,"2013-01-17"
"Citadel Advisors LLC","Wacker Chemie AG","DE000WCH8881",1.7,"2013-01-17"
"Oxford Asset Management","SAF-HOLLAND GmbH","LU0307018795",1.34,"2013-01-17"
"Barrington Wilshire LLC","IVG Immobilien AG","DE0006205701",2.21,"2013-01-16"
"BlackRock Institutional Trust Company, National Association","WINCOR NIXDORF International GmbH","DE000A0CAYB2",0.51,"2013-01-16"
"Viking Global Investors LP","K+S Aktiengesellschaft","DE000KSAG888",1.43,"2013-01-16"
"Polygon Global Partners LLP","TUI AG","DE000TUAG000",0.25,"2013-01-16"
"Oxford Asset Management","SAF-HOLLAND GmbH","LU0307018795",1.26,"2013-01-16"
"Marshall Wace LLP","LANXESS Aktiengesellschaft","DE0005470405",0.5,"2013-01-15"
"BlackRock Institutional Trust Company, National Association","Salzgitter Aktiengesellschaft","DE0006202005",0.53,"2013-01-15"
"Barrington Wilshire LLC","Nordex SE","DE000A0D6554",1.82,"2013-01-15"
"Citadel Advisors LLC","AIXTRON SE","DE000A0WMPJ6",1.45,"2013-01-15"
"Barrington Wilshire LLC","TAG Immobilien AG","DE0008303504",0.59,"2013-01-14"
"AQR Capital Management, LLC","AIXTRON SE","DE000A0WMPJ6",0.72,"2013-01-14"
"Citadel Advisors LLC","AIXTRON SE","DE000A0WMPJ6",1.59,"2013-01-14"
"Highbridge Capital Management, LLC","Klöckner & Co SE","DE000KC01000",1.38,"2013-01-14"
"AQR Capital Management, LLC","Dialog Semiconductor Plc","GB0059822006",2.02,"2013-01-14"
"Oxford Asset Management","SAF-HOLLAND GmbH","LU0307018795",1.12,"2013-01-14"
"PointState Capital LP","K+S Aktiengesellschaft","DE000KSAG888",1.18,"2013-01-13"
"PointState Capital LP","K+S Aktiengesellschaft","DE000KSAG888",1.1,"2013-01-11"
"Marshall Wace LLP","Aareal Bank AG","DE0005408116",0.5,"2013-01-10"
"AKO Capital LLP","STADA Arzneimittel Aktiengesellschaft","DE0007251803",0.67,"2013-01-10"
"Barrington Wilshire LLC","TAG Immobilien AG","DE0008303504",0.68,"2013-01-10"
"AQR Capital Management, LLC","AIXTRON SE","DE000A0WMPJ6",0.66,"2013-01-10"
"Meditor Capital Management Limited","HUGO BOSS AG","DE000A1PHFF7",0.81,"2013-01-10"
"AQR Capital Management, LLC","Kloeckner & Co USA Beteiligungs GmbH","DE000KC01000",0.84,"2013-01-10"
"Highbridge Capital Management, LLC","Klöckner & Co SE","DE000KC01000",1.48,"2013-01-10"
"Viking Global Investors LP","K+S Aktiengesellschaft","DE000KSAG888",1.32,"2013-01-10"
"AQR Capital Management, LLC","Dialog Semiconductor Plc","GB0059822006",1.95,"2013-01-10"
"Egerton Capital Limited as general partner of Egerton Capital Limited Partnership","Dialog Semiconductor Plc","GB0059822006",0.69,"2013-01-10"
"Marble Arch Investments","United Internet AG","DE0005089031",0.71,"2013-01-09"
"AKO Capital LLP","STADA Arzneimittel Aktiengesellschaft","DE0007251803",0.9,"2013-01-09"
"Wellington Management Company, LLP","Deutsche EuroShop AG","DE0007480204",2.55,"2013-01-09"
"Meditor Capital Management Limited","ProSiebenSat.1 Media AG","DE0007771172",0.71,"2013-01-09"
"Barrington Wilshire LLC","TAG Immobilien AG","DE0008303504",0.77,"2013-01-09"
"AKO Capital LLP","STADA Arzneimittel Aktiengesellschaft","DE0007251803",1.02,"2013-01-08"
"Asian Century Quest Capital LLC","AIXTRON SE","DE000A0WMPJ6",0.19,"2013-01-08"
"Och-Ziff Management Europe Ltd.","TUI AG","DE000TUAG000",3.57,"2013-01-08"
"Weiss Asset Management LP","DIC Asset AG","DE0005098404",0.48,"2013-01-07"
"Ennismore Fund Management Limited","Delticom AG","DE0005146807",0.74,"2013-01-07"
"Barrington Wilshire LLC","IVG Immobilien AG","DE0006205701",2.16,"2013-01-07"
"AKO Capital LLP","STADA Arzneimittel Aktiengesellschaft","DE0007251803",1.2,"2013-01-07"
"Highbridge Capital Management, LLC","TAG Immobilien AG","DE0008303504",1.67,"2013-01-07"
"Asian Century Quest Capital LLC","AIXTRON SE","DE000A0WMPJ6",0.53,"2013-01-07"
"Citadel Advisors LLC","AIXTRON SE","DE000A0WMPJ6",1.76,"2013-01-07"
"BlackRock Institutional Trust Company, National Association","Klöckner & Co SE","DE000KC01000",0.88,"2013-01-07"
"Citadel Advisors LLC","Wacker Chemie AG","DE000WCH8881",1.67,"2013-01-07"
"Oxford Asset Management","SAF-HOLLAND GmbH","LU0307018795",1.02,"2013-01-07"
"Highbridge Capital Management, LLC","Drillisch Aktiengesellschaft","DE0005545503",0.7,"2013-01-04"
"AKO Capital LLP","STADA Arzneimittel Aktiengesellschaft","DE0007251803",1.34,"2013-01-04"
"PointState Capital LP","K+S Aktiengesellschaft","DE000KSAG888",1.02,"2013-01-04"
"Weiss Asset Management LP","DIC Asset AG","DE0005098404",0.59,"2013-01-03"
"AQR Capital Management, LLC","Infineon Technologies AG","DE0006231004",0.7,"2013-01-03"
"BlackRock Institutional Trust Company, National Association","ElringKlinger AG","DE0007856023",0.79,"2013-01-03"
"Barrington Wilshire LLC","SMA Solar Technology AG","DE000A0DJ6J9",1.3,"2013-01-03"
"PointState Capital LP","K+S Aktiengesellschaft","DE000KSAG888",0.96,"2013-01-03"
"Citadel Advisors LLC","Wacker Chemie AG","DE000WCH8881",1.75,"2013-01-03"
"Citadel Advisors LLC","AIXTRON SE","DE000A0WMPJ6",1.85,"2013-01-02"
"BlackRock Institutional Trust Company, National Association","Klöckner & Co SE","DE000KC01000",0.96,"2013-01-02"
"Highbridge Capital Management, LLC","Klöckner & Co SE","DE000KC01000",1.52,"2013-01-02"
"PointState Capital LP","K+S Aktiengesellschaft","DE000KSAG888",0.86,"2013-01-02"
"Pine River Capital Management L.P.","TUI AG","DE000TUAG000",1.16,"2013-01-02"
"Egerton Capital Limited as general partner of Egerton Capital Limited Partnership","Dialog Semiconductor Plc","GB0059822006",1.21,"2013-01-02"
"Luxor Capital Group, LP","Axel Springer Aktiengesellschaft","DE0005501357",0.58,"2012-12-28"
"Egerton Capital Limited as general partner of Egerton Capital Limited Partnership","Dialog Semiconductor Plc","GB0059822006",1.1,"2012-12-28"
"Egerton Capital Limited as general partner of Egerton Capital Limited Partnership","Dialog Semiconductor Plc","GB0059822006",1.03,"2012-12-27"
"Citadel Advisors LLC","SolarWorld Aktiengesellschaft","DE0005108401",2.8,"2012-12-21"
"LINDEN ADVISORS LP","TAG Immobilien AG","DE0008303504",1.38,"2012-12-21"
"AQR Capital Management, LLC","K+S Aktiengesellschaft","DE000KSAG888",0.49,"2012-12-21"
"Viking Global Investors LP","K+S Aktiengesellschaft","DE000KSAG888",1.2,"2012-12-21"
"Egerton Capital Limited as general partner of Egerton Capital Limited Partnership","Dialog Semiconductor Plc","GB0059822006",0.95,"2012-12-21"
"Citadel Advisors LLC","SolarWorld Aktiengesellschaft","DE0005108401",2.75,"2012-12-20"
"Barrington Wilshire LLC","IVG Immobilien AG","DE0006205701",2.07,"2012-12-20"
"AQR Capital Management, LLC","Infineon Technologies AG","DE0006231004",0.69,"2012-12-20"
"Barrington Wilshire LLC","TAG Immobilien AG","DE0008303504",0.86,"2012-12-20"
"Barrington Wilshire LLC","Nordex SE","DE000A0D6554",1.73,"2012-12-20"
"AQR Capital Management, LLC","AIXTRON SE","DE000A0WMPJ6",0.53,"2012-12-20"
"AQR Capital Management, LLC","K+S Aktiengesellschaft","DE000KSAG888",0.51,"2012-12-20"
"AQR Capital Management, LLC","Sky Deutschland AG","DE000SKYD000",0.49,"2012-12-20"
"Polygon Global Partners LLP","TUI AG","DE000TUAG000",0.56,"2012-12-20"
"Citadel Advisors LLC","Wacker Chemie AG","DE000WCH8881",1.81,"2012-12-20"
"Barrington Wilshire LLC","IVG Immobilien AG","DE0006205701",2.18,"2012-12-19"
"Trimax Capital S.A.","Praktiker AG","DE000A0F6MD5",0,"2012-12-19"
"BlackRock Institutional Trust Company, National Association","Klöckner & Co SE","DE000KC01000",1.09,"2012-12-19"
"Highbridge Capital Management, LLC","Klöckner & Co SE","DE000KC01000",1.48,"2012-12-19"
"Och-Ziff Management Europe Ltd.","TUI AG","DE000TUAG000",3.67,"2012-12-19"
"Pine River Capital Management L.P.","Pine River Capital Management LP","DE000TUAG000",1.23,"2012-12-19"
"AQR Capital Management, LLC","Dialog Semiconductor Plc","GB0059822006",1.8,"2012-12-19"
"Highbridge Capital Management, LLC","KUKA Aktiengesellschaft","DE0006204407",0.49,"2012-12-18"
"Barrington Wilshire LLC","IVG Immobilien AG","DE0006205701",2.24,"2012-12-18"
"LINDEN ADVISORS LP","TAG Immobilien AG","DE0008303504",1.49,"2012-12-18"
"Barrington Wilshire LLC","Nordex SE","DE000A0D6554",1.82,"2012-12-18"
"Barrington Wilshire LLC","SMA Solar Technology AG","DE000A0DJ6J9",1.28,"2012-12-18"
"AQR Capital Management, LLC","K+S Aktiengesellschaft","DE000KSAG888",0.49,"2012-12-18"
"Adelphi Capital LLP","STADA Arzneimittel Aktiengesellschaft","DE0007251803",1.02,"2012-12-17"
"LINDEN ADVISORS LP","TAG Immobilien AG","DE0008303504",1.6,"2012-12-17"
"Sothic Capital Management LLP","Praktiker AG","DE000A0F6MD5",2.52,"2012-12-17"
"Adelphi Capital LLP","Celesio AG","DE000CLS1001",0.61,"2012-12-17"
"AQR Capital Management, LLC","Kloeckner & Co USA Beteiligungs GmbH","DE000KC01000",0.77,"2012-12-17"
"Citadel Advisors LLC","SolarWorld Aktiengesellschaft","DE0005108401",2.54,"2012-12-14"
"Highbridge Capital Management, LLC","Drillisch Aktiengesellschaft","DE0005545503",0.69,"2012-12-14"
"Highbridge Capital Management, LLC","Klöckner & Co SE","DE000KC01000",1.56,"2012-12-14"
"Citadel Advisors LLC","AIXTRON SE","DE000A0WMPJ6",1.95,"2012-12-13"
"Highbridge Capital Management, LLC","Klöckner & Co SE","DE000KC01000",1.65,"2012-12-13"
"Ennismore Fund Management Limited","Delticom AG","DE0005146807",0.66,"2012-12-12"
"Highbridge Capital Management, LLC","TAG Immobilien AG","DE0008303504",1.7,"2012-12-12"
"LINDEN ADVISORS LP","TAG Immobilien AG","DE0008303504",2.12,"2012-12-12"
"Egerton Capital Limited as general partner of Egerton Capital Limited Partnership","Dialog Semiconductor","GB0059822006",0.84,"2012-12-12"
"CQS (UK) LLP","TAG Immobilien AG","DE0008303504",1.61,"2012-12-11"
"Highbridge Capital Management, LLC","TAG Immobilien AG","DE0008303504",2.19,"2012-12-11"
"Polygon Global Partners LLP","TAG Immobilien AG","DE0008303504",0.52,"2012-12-11"
"Citadel Advisors LLC","AIXTRON SE","DE000A0WMPJ6",2,"2012-12-11"
"Egerton Capital Limited as general partner of Egerton Capital Limited Partnership","Dialog Semiconductor","GB0059822006",0.71,"2012-12-11"
"AQR Capital Management, LLC","STADA Arzneimittel Aktiengesellschaft","DE0007251803",0.81,"2012-12-10"
"Barrington Wilshire LLC","TAG Immobilien AG","DE0008303504",1.01,"2012-12-10"
"CQS (UK) LLP","TAG Immobilien AG","DE0008303504",1.59,"2012-12-10"
"AKO Capital LLP","Wincor Nixdorf Aktiengesellschaft","DE000A0CAYB2",0.89,"2012-12-10"
"Sothic Capital Management LLP","Praktiker AG","DE000A0F6MD5",4.94,"2012-12-10"
"Barrington Wilshire LLC","AIXTRON SE","DE000A0WMPJ6",1.7,"2012-12-10"
"Citadel Advisors LLC","AIXTRON SE","DE000A0WMPJ6",2.17,"2012-12-10"
"Ennismore Fund Management Limited","Conergy AG","DE000A1KRCK4",2.42,"2012-12-10"
"AQR Capital Management, LLC","K+S Aktiengesellschaft","DE000KSAG888",0.51,"2012-12-10"
"Och-Ziff Management Europe Ltd.","TUI AG","DE000TUAG000",3.78,"2012-12-10"
"Ferox Capital LLP","Qiagen N.V","NL0000240000",0.66,"2012-12-10"
"Highbridge Capital Management, LLC","KUKA Aktiengesellschaft","DE0006204407",0.59,"2012-12-07"
"AQR Capital Management, LLC","Infineon Technologies AG","DE0006231004",0.73,"2012-12-07"
"CQS (UK) LLP","TAG Immobilien AG","DE0008303504",1.85,"2012-12-07"
"AKO Capital LLP","Wincor Nixdorf Aktiengesellschaft","DE000A0CAYB2",0.74,"2012-12-07"
"Sothic Capital Management LLP","Praktiker AG","DE000A0F6MD5",4.68,"2012-12-07"
"Trimax Capital S.A.","Praktiker AG","DE000A0F6MD5",0.86,"2012-12-07"
"Citadel Advisors LLC","AIXTRON SE","DE000A0WMPJ6",2.7,"2012-12-07"
"BlackRock Advisors (UK) Limited","Süss MicroTec AG","DE000A1K0235",0.49,"2012-12-07"
"AQR Capital Management, LLC","Kloeckner & Co USA Beteiligungs GmbH","DE000KC01000",0.83,"2012-12-07"
"BlackRock Institutional Trust Company, National Association","Klöckner & Co SE","DE000KC01000",1.1,"2012-12-07"
"Oxford Asset Management","SAF-HOLLAND GmbH","LU0307018795",0.99,"2012-12-07"
"Highbridge Capital Management, LLC","KUKA Aktiengesellschaft","DE0006204407",0.62,"2012-12-06"
"Trimax Capital S.A.","Praktiker AG","DE000A0F6MD5",0.77,"2012-12-06"
"Citadel Advisors LLC","AIXTRON SE","DE000A0WMPJ6",3,"2012-12-06"
"Highbridge Capital Management, LLC","Klöckner & Co SE","DE000KC01000",1.76,"2012-12-06"
"Och-Ziff Management Europe Ltd.","TUI AG","DE000TUAG000",3.8,"2012-12-06"
"Citadel Advisors LLC","SolarWorld Aktiengesellschaft","DE0005108401",2.42,"2012-12-05"
"Trimax Capital S.A.","Praktiker AG","DE000A0F6MD5",0.65,"2012-12-05"
"Citadel Advisors LLC","AIXTRON SE","DE000A0WMPJ6",3.18,"2012-12-05"
"Ennismore Fund Management Limited","Conergy AG","DE000A1KRCK4",2.32,"2012-12-05"
"Viking Global Investors LP","K+S Aktiengesellschaft","DE000KSAG888",1.03,"2012-12-05"
"Och-Ziff Management Europe Ltd.","TUI AG","DE000TUAG000",3.72,"2012-12-05"
"Pine River Capital Management L.P.","TUI AG","DE000TUAG000",1.4,"2012-12-05"
"Citadel Advisors LLC","SolarWorld Aktiengesellschaft","DE0005108401",2.3,"2012-12-04"
"D. E. Shaw & Co., L.P.","LEONI AG","DE0005408884",0.44,"2012-12-04"
"CQS (UK) LLP","TAG Immobilien AG","DE0008303504",1.58,"2012-12-04"
"Trimax Capital S.A.","Praktiker AG","DE000A0F6MD5",0.59,"2012-12-04"
"Citadel Advisors LLC","AIXTRON SE","DE000A0WMPJ6",3.35,"2012-12-04"
"AQR Capital Management, LLC","Sky Deutschland AG","DE000SKYD000",0.51,"2012-12-04"
"Och-Ziff Management Europe Ltd.","TUI AG","DE000TUAG000",4.02,"2012-12-04"
"Oxford Asset Management","SAF-HOLLAND GmbH","LU0307018795",1.09,"2012-12-04"
"D. E. Shaw & Co., L.P.","LEONI AG","DE0005408884",0.52,"2012-12-03"
"Adelphi Capital LLP","STADA Arzneimittel Aktiengesellschaft","DE0007251803",0.94,"2012-12-03"
"Meditor Capital Management Limited","ProSiebenSat.1 Media AG","DE0007771172",0.47,"2012-12-03"
"Barrington Wilshire LLC","TAG Immobilien AG","DE0008303504",0.92,"2012-12-03"
"Highbridge Capital Management, LLC","TAG Immobilien AG","DE0008303504",2.05,"2012-12-03"
"Citadel Advisors LLC","AIXTRON SE","DE000A0WMPJ6",3.69,"2012-12-03"
"AQR Capital Management, LLC","Kloeckner & Co USA Beteiligungs GmbH","DE000KC01000",0.79,"2012-12-03"
"Viking Global Investors LP","K+S Aktiengesellschaft","DE000KSAG888",0.9,"2012-12-03"
"J.P. Morgan Securities plc","TUI AG","DE000TUAG000",0.36,"2012-12-03"
"Och-Ziff Management Europe Ltd.","TUI AG","DE000TUAG000",3.98,"2012-12-03"
"Oxford Asset Management","SAF-HOLLAND GmbH","LU0307018795",1.12,"2012-12-03"
"Highbridge Capital Management, LLC","Drillisch Aktiengesellschaft","DE0005545503",0.7,"2012-11-30"
"Highbridge Capital Management, LLC","TAG Immobilien AG","DE0008303504",1.82,"2012-11-30"
"Polygon Global Partners LLP","TAG Immobilien AG","DE0008303504",0.66,"2012-11-30"
"Ennismore Fund Management Limited","Conergy AG","DE000A1KRCK4",2.25,"2012-11-30"
"Oxford Asset Management","SAF-HOLLAND GmbH","LU0307018795",0.99,"2012-11-30"
"Citadel Advisors LLC","SolarWorld Aktiengesellschaft","DE0005108401",2.22,"2012-11-29"
"Ennismore Fund Management Limited","Delticom AG","DE0005146807",0.55,"2012-11-29"
"D. E. Shaw & Co., L.P.","LEONI AG","DE0005408884",0.42,"2012-11-29"
"CQS (UK) LLP","TAG Immobilien AG","DE0008303504",1.65,"2012-11-29"
"Highbridge Capital Management, LLC","TAG Immobilien AG","DE0008303504",1.7,"2012-11-29"
"AQR Capital Management, LLC","Kloeckner & Co USA Beteiligungs GmbH","DE000KC01000",0.8,"2012-11-29"
"Oxford Asset Management","SAF-HOLLAND GmbH","LU0307018795",1.17,"2012-11-29"
"Citadel Advisors LLC","SolarWorld Aktiengesellschaft","DE0005108401",2.13,"2012-11-28"
"D. E. Shaw & Co., L.P.","LEONI AG","DE0005408884",0.68,"2012-11-28"
"AQR Capital Management, LLC","STADA Arzneimittel Aktiengesellschaft","DE0007251803",0.7,"2012-11-28"
"Meditor Capital Management Limited","ProSiebenSat.1 Media AG","DE0007771172",0.78,"2012-11-28"
"Highbridge Capital Management, LLC","Klöckner & Co SE","DE000KC01000",1.62,"2012-11-28"
"Highbridge Capital Management, LLC","KUKA Aktiengesellschaft","DE0006204407",0.5,"2012-11-27"
"Sheffield Asset Management, L.L.C.","Heidelberger Druckmaschinen Aktiengesellschaft","DE0007314007",1.11,"2012-11-27"
"Citadel Advisors LLC","AIXTRON SE","DE000A0WMPJ6",3.78,"2012-11-27"
"Och-Ziff Management Europe Ltd.","TUI AG","DE000TUAG000",4.14,"2012-11-27"
"Baader Bank Aktiengesellschaft","Alabama Graphite Corp. Reg. Shares o.N.","CA0102931080",0,"2012-11-26"
"CQS (UK) LLP","TAG Immobilien AG","DE0008303504",1.52,"2012-11-26"
"Highbridge Capital Management, LLC","TAG Immobilien AG","DE0008303504",1.66,"2012-11-26"
"D. E. Shaw & Co. (U.K.), Ltd.","freenet AG","DE000A0Z2ZZ5",0.51,"2012-11-26"
"Viking Global Investors LP","K+S Aktiengesellschaft","DE000KSAG888",0.86,"2012-11-26"
"Baader Bank Aktiengesellschaft","Alabama Graphite Corp. Reg. Shares o.N.","CA0102931080",0.6,"2012-11-23"
"Citadel Advisors LLC","SolarWorld Aktiengesellschaft","DE0005108401",2,"2012-11-23"
"JPMorgan Asset Management (UK) Ltd","Singulus Technologies Aktiengesellschaft","DE0007238909",2.01,"2012-11-23"
"CQS (UK) LLP","TAG Immobilien AG","DE0008303504",1.6,"2012-11-23"
"Adelphi Capital LLP","Celesio AG","DE000CLS1001",0.5,"2012-11-23"
"Highbridge Capital Management, LLC","Klöckner & Co SE","DE000KC01000",1.51,"2012-11-23"
"D. E. Shaw & Co., L.P.","LEONI AG","DE0005408884",0.74,"2012-11-22"
"Highbridge Capital Management, LLC","Drillisch Aktiengesellschaft","DE0005545503",0.63,"2012-11-22"
"Oxford Asset Management","IVG Deutschland Immobilien GmbH","DE0006205701",0.59,"2012-11-22"
"Susquehanna International Holdings LLC","Infineon Technologies AG","DE0006231004",1.8,"2012-11-22"
"CQS (UK) LLP","Südzucker Aktiengesellschaft Mannheim/Ochsenfurt","DE0007297004",0,"2012-11-22"
"D. E. Shaw & Co. (U.K.), Ltd.","Südzucker Aktiengesellschaft Mannheim/Ochsenfurt","DE0007297004",0,"2012-11-22"
"CQS (UK) LLP","Deutsche EuroShop AG","DE0007480204",0.5,"2012-11-22"
"CQS (UK) LLP","TAG Immobilien AG","DE0008303504",2.08,"2012-11-22"
"JPMorgan Asset Management (UK) Ltd","AIXTRON SE","DE000A0WMPJ6",0.51,"2012-11-22"
"Citadel Advisors LLC","Wacker Chemie AG","DE000WCH8881",1.73,"2012-11-22"
"CQS (UK) LLP","Südzucker Aktiengesellschaft Mannheim/Ochsenfurt","DE0007297004",0.01,"2012-11-21"
"D. E. Shaw & Co. (U.K.), Ltd.","Südzucker Aktiengesellschaft Mannheim/Ochsenfurt","DE0007297004",0,"2012-11-21"
"CQS (UK) LLP","Deutsche EuroShop AG","DE0007480204",0.5,"2012-11-21"
"Meditor Capital Management Limited","ProSiebenSat.1 Media AG","DE0007771172",0.85,"2012-11-21"
"CQS (UK) LLP","TAG Immobilien AG","DE0008303504",2.08,"2012-11-21"
"Tiger Global Management, LLC","Asian Bamboo AG","DE000A0M6M79",0.37,"2012-11-21"
"Highbridge Capital Management, LLC","Klöckner & Co SE","DE000KC01000",1.43,"2012-11-21"
"PointState Capital LP","K+S Aktiengesellschaft","DE000KSAG888",0.71,"2012-11-21"
"Highbridge Capital Management, LLC","Drillisch Aktiengesellschaft","DE0005545503",0.59,"2012-11-20"
"D. E. Shaw & Co. (U.K.), Ltd.","Südzucker Aktiengesellschaft Mannheim/Ochsenfurt","DE0007297004",0.52,"2012-11-20"
"Wellington Management Company, LLP","Deutsche EuroShop AG","DE0007480204",2.77,"2012-11-20"
"Barrington Wilshire LLC","AIXTRON SE","DE000A0WMPJ6",1.51,"2012-11-20"
"Citadel Advisors LLC","AIXTRON SE","DE000A0WMPJ6",3.88,"2012-11-20"
"Highbridge Capital Management, LLC","Klöckner & Co SE","DE000KC01000",1.34,"2012-11-20"
"Viking Global Investors LP","K+S Aktiengesellschaft","DE000KSAG888",0.74,"2012-11-20"
"Och-Ziff Management Europe Ltd.","TUI AG","DE000TUAG000",4.01,"2012-11-20"
"D. E. Shaw & Co., L.P.","LEONI AG","DE0005408884",0.82,"2012-11-19"
"Luxor Capital Group, LP","Axel Springer Aktiengesellschaft","DE0005501357",0.61,"2012-11-19"
"Tiger Global Management, LLC","Asian Bamboo AG","DE000A0M6M79",0.56,"2012-11-19"
"Barrington Wilshire LLC","AIXTRON SE","DE000A0WMPJ6",1.47,"2012-11-19"
"AQR Capital Management, LLC","Kloeckner & Co USA Beteiligungs GmbH","DE000KC01000",0.79,"2012-11-19"
"BlackRock Institutional Trust Company, National Association","Klöckner & Co SE","DE000KC01000",0.91,"2012-11-19"
"Viking Global Investors LP","K+S Aktiengesellschaft","DE000KSAG888",0.62,"2012-11-19"
"Och-Ziff Management Europe Ltd.","TUI AG","DE000TUAG000",3.95,"2012-11-19"
"Marble Arch Investments","SolarWorld Aktiengesellschaft","DE0005108401",1.56,"2012-11-16"
"D. E. Shaw & Co., L.P.","LEONI AG","DE0005408884",1.03,"2012-11-16"
"Sheffield Asset Management, L.L.C.","Heidelberger Druckmaschinen Aktiengesellschaft","DE0007314007",1,"2012-11-16"
"Citadel Advisors LLC","AIXTRON SE","DE000A0WMPJ6",3.92,"2012-11-16"
"Highbridge Capital Management, LLC","Klöckner & Co SE","DE000KC01000",1.25,"2012-11-16"
"Viking Global Investors LP","K+S Aktiengesellschaft","DE000KSAG888",0.5,"2012-11-16"
"Och-Ziff Management Europe Ltd.","TUI AG","DE000TUAG000",3.88,"2012-11-16"
"Pine River Capital Management L.P.","Pine River Capital Management L.P.","DE000TUAG000",1.31,"2012-11-16"
"Marble Arch Investments","SolarWorld Aktiengesellschaft","DE0005108401",1.47,"2012-11-15"
"Luxor Capital Group, LP","Axel Springer Aktiengesellschaft","DE0005501357",0.52,"2012-11-15"
"CQS (UK) LLP","Südzucker Aktiengesellschaft Mannheim/Ochsenfurt","DE0007297004",0.7,"2012-11-15"
"Marble Arch Investments","Heidelberger Druckmaschinen Aktiengesellschaft","DE0007314007",2.94,"2012-11-15"
"Highbridge Capital Management, LLC","TAG Immobilien AG","DE0008303504",1.58,"2012-11-15"
"Barrington Wilshire LLC","Nordex SE","DE000A0D6554",2.01,"2012-11-15"
"Tiger Global Management, LLC","Asian Bamboo AG","DE000A0M6M79",0.7,"2012-11-15"
"Barrington Wilshire LLC","AIXTRON SE","DE000A0WMPJ6",1.32,"2012-11-15"
"Citadel Advisors LLC","AIXTRON SE","DE000A0WMPJ6",4,"2012-11-15"
"BlackRock Institutional Trust Company, National Association","Klöckner & Co SE","DE000KC01000",0.71,"2012-11-15"
"Highbridge Capital Management, LLC","Klöckner & Co SE","DE000KC01000",1.3,"2012-11-15"
"Citadel Advisors LLC","SolarWorld Aktiengesellschaft","DE0005108401",1.91,"2012-11-14"
"D. E. Shaw & Co., L.P.","LEONI AG","DE0005408884",0.94,"2012-11-14"
"BlackRock Institutional Trust Company, National Association","Infineon Technologies AG","DE0006231004",0.48,"2012-11-14"
"Tiger Global Management, LLC","Asian Bamboo AG","DE000A0M6M79",1.04,"2012-11-14"
"Citadel Advisors LLC","AIXTRON SE","DE000A0WMPJ6",4.18,"2012-11-14"
"Ennismore Fund Management Limited","Conergy AG","DE000A1KRCK4",2.11,"2012-11-14"
"BlackRock Institutional Trust Company, National Association","Klöckner & Co SE","DE000KC01000",0.61,"2012-11-14"
"D. E. Shaw & Co., L.P.","LEONI AG","DE0005408884",0.83,"2012-11-13"
"Citadel Advisors LLC","AIXTRON SE","DE000A0WMPJ6",4.2,"2012-11-13"
"Ennismore Fund Management Limited","Conergy AG","DE000A1KRCK4",2.01,"2012-11-13"
"AQR Capital Management, LLC","Dialog Semiconductor Plc","GB0059822006",1.91,"2012-11-13"
"Tiger Global Management, LLC","SolarWorld Aktiengesellschaft","DE0005108401",0.46,"2012-11-12"
"AKO Capital LLP","Wincor Nixdorf Aktiengesellschaft","DE000A0CAYB2",0.69,"2012-11-12"
"Tiger Global Management, LLC","Asian Bamboo AG","DE000A0M6M79",1.15,"2012-11-12"
"Ennismore Fund Management Limited","Conergy AG","DE000A1KRCK4",1.9,"2012-11-12"
"Highbridge Capital Management, LLC","Klöckner & Co SE","DE000KC01000",1.26,"2012-11-12"
"AQR Capital Management, LLC","Sky Deutschland AG","DE000SKYD000",0.49,"2012-11-12"
"Tiger Global Management, LLC","SolarWorld Aktiengesellschaft","DE0005108401",0.54,"2012-11-09"
"D. E. Shaw & Co., L.P.","LEONI AG","DE0005408884",0.7,"2012-11-09"
"BlackRock Institutional Trust Company, National Association","Infineon Technologies AG","DE0006231004",0.5,"2012-11-09"
"Marble Arch Investments","Heidelberger Druckmaschinen Aktiengesellschaft","DE0007314007",2.85,"2012-11-09"
"Pennant Capital Management, LLC","Heidelberger Druckmaschinen Aktiengesellschaft","DE0007314007",0,"2012-11-09"
"Wellington Management Company, LLP","Deutsche EuroShop AG","DE0007480204",2.9,"2012-11-09"
"Tremblant Capital LP","Wincor Nixdorf Aktiengesellschaft","DE000A0CAYB2",0.68,"2012-11-09"
"Tiger Global Management, LLC","Asian Bamboo AG","DE000A0M6M79",1.71,"2012-11-09"
"Citadel Advisors LLC","AIXTRON SE","DE000A0WMPJ6",4.3,"2012-11-09"
"Ennismore Fund Management Limited","Conergy AG","DE000A1KRCK4",1.84,"2012-11-09"
"BlackRock Institutional Trust Company, National Association","Klöckner & Co SE","DE000KC01000",0.56,"2012-11-09"
"D. E. Shaw & Co., L.P.","LEONI AG","DE0005408884",0.69,"2012-11-08"
"Arrowgrass Capital Partners LLP","Drägerwerk AG & Co. KGaA","DE0005550636",0.68,"2012-11-08"
"BlackRock Institutional Trust Company, National Association","Salzgitter Aktiengesellschaft","DE0006202005",0.67,"2012-11-08"
"Sothic Capital Management LLP","Heidelberger Druckmaschinen Aktiengesellschaft","DE0007314007",2.4,"2012-11-08"
"Citadel Advisors LLC","AIXTRON SE","DE000A0WMPJ6",4.2,"2012-11-08"
"Och-Ziff Management Europe Ltd.","TUI AG","DE000TUAG000",3.97,"2012-11-08"
"D. E. Shaw & Co., L.P.","LEONI AG","DE0005408884",0.55,"2012-11-07"
"AQR Capital Management, LLC","STADA Arzneimittel Aktiengesellschaft","DE0007251803",0.61,"2012-11-07"
"BG Master Fund Plc","Volkswagen Versicherung Aktiengesellschaft","DE0007664039",0.71,"2012-11-07"
"Tremblant Capital LP","Wincor Nixdorf Aktiengesellschaft","DE000A0CAYB2",0.5,"2012-11-07"
"Tiger Global Management, LLC","SolarWorld Aktiengesellschaft","DE0005108401",0.68,"2012-11-06"
"D. E. Shaw & Co., L.P.","LEONI AG","DE0005408884",0.49,"2012-11-06"
"Maverick Capital, Ltd.","Axel Springer Aktiengesellschaft","DE0005501357",0.47,"2012-11-06"
"AQR Capital Management, LLC","Infineon Technologies AG","DE0006231004",0.62,"2012-11-06"
"Sothic Capital Management LLP","Heidelberger Druckmaschinen Aktiengesellschaft","DE0007314007",2.24,"2012-11-06"
"BG Master Fund Plc","Volkswagen Versicherung Aktiengesellschaft","DE0007664039",0.62,"2012-11-06"
"AQR Capital Management, LLC","Kloeckner & Co USA Beteiligungs GmbH","DE000KC01000",0.89,"2012-11-06"
"Oxford Asset Management","Prelios Spa","IT0003270615",1.29,"2012-11-06"
"Oxford Asset Management","Unipol Gruppo Finanziario Spa","IT0004810054",0.61,"2012-11-06"
"Oxford Asset Management","SAF Holland","LU0307018795",1.23,"2012-11-06"
"SUNRISE PARTNERS LIMITED PARTNERSHIP","Modern Times Group AB","SE0000412371",0.6,"2012-11-06"
"Highbridge Capital Management, LLC","LANXESS Aktiengesellschaft","DE0005470405",0.53,"2012-11-05"
"S.A.C. Global Investors LLP","freenet AG","DE000A0Z2ZZ5",0.43,"2012-11-05"
"BlackRock Institutional Trust Company, National Association","Süss MicroTec AG","DE000A1K0235",0.6,"2012-11-05"
"Highbridge Capital Management, LLC","Klöckner & Co SE","DE000KC01000",1.13,"2012-11-05"
"Marble Arch Investments","United Internet AG","DE0005089031",0.66,"2012-11-02"
"Weiss Asset Management LP","DIC Asset AG","DE0005098404",0.63,"2012-11-02"
"Citadel Advisors LLC","SolarWorld Aktiengesellschaft","DE0005108401",1.82,"2012-11-02"
"Crestwood Capital Management, L.P.","SolarWorld Aktiengesellschaft","DE0005108401",0.84,"2012-11-02"
"Marble Arch Investments","SolarWorld Aktiengesellschaft","DE0005108401",1.38,"2012-11-02"
"Tiger Global Management, LLC","SolarWorld Aktiengesellschaft","DE0005108401",0.7,"2012-11-02"
"JPMorgan Asset Management (UK) Ltd","zooplus AG","DE0005111702",0.54,"2012-11-02"
"D. E. Shaw & Co., L.P.","LEONI AG","DE0005408884",0.6,"2012-11-02"
"Highbridge Capital Management, LLC","LANXESS Aktiengesellschaft","DE0005470405",0.52,"2012-11-02"
"Cadian Capital Management LLC","Axel Springer Aktiengesellschaft","DE0005501357",0.9,"2012-11-02"
"Maverick Capital, Ltd.","Axel Springer Aktiengesellschaft","DE0005501357",0.55,"2012-11-02"
"Highbridge Capital Management, LLC","Drillisch Aktiengesellschaft","DE0005545503",0.6,"2012-11-02"
"Arrowgrass Capital Partners LLP","Drägerwerk AG & Co. KGaA","DE0005550636",0.71,"2012-11-02"
"D. E. Shaw & Co. (U.K.), Ltd.","Drägerwerk AG & Co. KGaA","DE0005550636",0.97,"2012-11-02"
"Tiger Global Management, LLC","Global PVQ SE","DE0005558662",0.63,"2012-11-02"
"BlackRock Institutional Trust Company, National Association","Salzgitter Aktiengesellschaft","DE0006202005",0.79,"2012-11-02"
"Oxford Asset Management","""IVG"" Immobilien - Verwaltung - Gastronomie GmbH","DE0006205701",0.67,"2012-11-02"
"AQR Capital Management, LLC","Infineon Technologies AG","DE0006231004",0.59,"2012-11-02"
"JPMorgan Asset Management (UK) Ltd","Singulus Technologies Aktiengesellschaft","DE0007238909",1.96,"2012-11-02"
"AKO Capital LLP","STADA Arzneimittel Aktiengesellschaft","DE0007251803",1.44,"2012-11-02"
"AQR Capital Management, LLC","STADA Arzneimittel Aktiengesellschaft","DE0007251803",0.58,"2012-11-02"
"AKO Capital LLP","METRO AG","DE0007257503",1.47,"2012-11-02"
"CQS (UK) LLP","Südzucker Aktiengesellschaft Mannheim/Ochsenfurt","DE0007297004",0.67,"2012-11-02"
"Marble Arch Investments","Heidelberger Druckmaschinen Aktiengesellschaft","DE0007314007",2.74,"2012-11-02"
"Sothic Capital Management LLP","Heidelberger Druckmaschinen Aktiengesellschaft","DE0007314007",1.96,"2012-11-02"
"Wellington Management Company, LLP","Deutsche EuroShop AG","DE0007480204",2.88,"2012-11-02"
"BlackRock Institutional Trust Company, National Association","ElringKlinger AG","DE0007856023",0.8,"2012-11-02"
"CQS (UK) LLP","TAG Immobilien AG","DE0008303504",2.15,"2012-11-02"
"Highbridge Capital Management, LLC","TAG Immobilien AG","DE0008303504",1.68,"2012-11-02"
"LINDEN ADVISORS LP","TAG Immobilien AG","DE0008303504",1.79,"2012-11-02"
"Polygon Global Partners LLP","TAG Immobilien AG","DE0008303504",0.55,"2012-11-02"
"Passport Capital, LLC","Nordex SE","DE000A0D6554",0.59,"2012-11-02"
"Sothic Capital Management LLP","SMA Solar Technology AG","DE000A0DJ6J9",1.29,"2012-11-02"
"Sothic Capital Management LLP","Praktiker AG","DE000A0F6MD5",4.59,"2012-11-02"
"Tiger Global Management, LLC","Asian Bamboo AG","DE000A0M6M79",1.99,"2012-11-02"
"Asian Century Quest Capital LLC","AIXTRON SE","DE000A0WMPJ6",0.78,"2012-11-02"
"Citadel Advisors LLC","AIXTRON SE","DE000A0WMPJ6",4.13,"2012-11-02"
"Maverick Capital, Ltd.","AIXTRON SE","DE000A0WMPJ6",7.82,"2012-11-02"
"S.A.C. Global Investors LLP","freenet AG","DE000A0Z2ZZ5",0.5,"2012-11-02"
"Brookside Capital Management, LLC","adidas AG","DE000A1EWWW0",0.59,"2012-11-02"
"BlackRock Advisors (UK) Limited","Süss MicroTec AG","DE000A1K0235",0.5,"2012-11-02"
"BlackRock Institutional Trust Company, National Association","Süss MicroTec AG","DE000A1K0235",0.53,"2012-11-02"
"Ennismore Fund Management Limited","Conergy AG","DE000A1KRCK4",1.79,"2012-11-02"
"AKO Capital LLP","Celesio AG","DE000CLS1001",2.26,"2012-11-02"
"AQR Capital Management, LLC","Kloeckner & Co USA Beteiligungs GmbH","DE000KC01000",0.92,"2012-11-02"
"BlackRock Institutional Trust Company, National Association","Klöckner & Co SE","DE000KC01000",0.66,"2012-11-02"
"Highbridge Capital Management, LLC","Klöckner & Co SE","DE000KC01000",1.03,"2012-11-02"
"Tiger Management LLC","Powerland AG","DE000PLD5558",1.08,"2012-11-02"
"AQR Capital Management, LLC","Sky Deutschland AG","DE000SKYD000",0.54,"2012-11-02"
"AQR Capital Management, LLC","Symrise AG","DE000SYM9999",0.5,"2012-11-02"
"Davidson Kempner European Partners, LLP","TUI AG","DE000TUAG000",0.53,"2012-11-02"
"J.P. Morgan Securities plc","TUI AG","DE000TUAG000",0.6,"2012-11-02"
"Och-Ziff Management Europe Ltd.","TUI AG","DE000TUAG000",4.08,"2012-11-02"
"Polygon Global Partners LLP","TUI AG","DE000TUAG000",0.62,"2012-11-02"
"Citadel Advisors LLC","Wacker Chemie AG","DE000WCH8881",1.6,"2012-11-02"
"Discovery Capital Management, LLC","Wacker Chemie AG","DE000WCH8881",1.85,"2012-11-02"
"Morton Holdings, Inc.","Wacker Chemie AG","DE000WCH8881",1.01,"2012-11-02"
"AQR Capital Management, LLC","Dialog Semiconductor Plc","GB0059822006",1.82,"2012-11-02"
"Arrowgrass Capital Partners LLP","Qiagen N.V.","NL0000240000",1.11,"2012-11-02"
"Castle Creek Arbitrage LLC","Qiagen N.V.","NL0000240000",0.82,"2012-11-02"
"Ferox Capital LLP","Qiagen N.V","NL0000240000",0.89,"2012-11-02"
"Barrington Wilshire LLC","IVG Immobilien AG","DE0006205701",2.41,"2012-11-01"
"Adelphi Capital LLP","STADA Arzneimittel Aktiengesellschaft","DE0007251803",0,"2012-11-01"
"Adelphi Capital LLP","STADA Arzneimittel Aktiengesellschaft","DE0007251803",0.89,"2012-11-01"
"Sheffield Asset Management, L.L.C.","Heidelberger Druckmaschinen Aktiengesellschaft","DE0007314007",0.95,"2012-11-01"
"QVT Financial LP","Wirecard AG","DE0007472060",1.08,"2012-11-01"
"Meditor Capital Management Limited","ProSiebenSat.1 Media AG","DE0007771172",0.95,"2012-11-01"
"Barrington Wilshire LLC","TAG Immobilien AG","DE0008303504",1.21,"2012-11-01"
"WS Management, LLLP","Hannover Rückversicherung AG","DE0008402215",0.36,"2012-11-01"
"Barrington Wilshire LLC","Nordex SE","DE000A0D6554",1.87,"2012-11-01"
"Barrington Wilshire LLC","SMA Solar Technology AG","DE000A0DJ6J9",1.43,"2012-11-01"
"Barrington Wilshire LLC","AIXTRON SE","DE000A0WMPJ6",1.25,"2012-11-01"
"DNB Asset Management AS","Süss MicroTec AG","DE000A1K0235",1.45,"2012-11-01"
"Meditor Capital Management Limited","HUGO BOSS AG","DE000A1PHFF7",0.72,"2012-11-01"
"Saemor Capital B.V.","Klöckner & Co SE","DE000KC01000",0.97,"2012-11-01"
"Pennant Capital Management, LLC","Sky Deutschland AG","DE000SKYD000",0.95,"2012-11-01"
"Pennant Capital Management, LLC","TUI AG","DE000TUAG000",0.9,"2012-11-01"
